{
  "1INCHDOWNUSDT": 0.796,
  "1INCHUPUSDT": 0.088549,
  "1INCHUSDT": 3.0626,
  "AAVEDOWNUSDT": 0.0858,
  "AAVEUPUSDT": 3.131,
  "AAVEUSDT": 333.01,
  "ACMUSDT": 6.124,
  "ADADOWNUSDT": 0.0357,
  "ADAUPUSDT": 105.0,
  "ADAUSDT": 1.5976,
  "AIONUSDT": 0.1881,
  "AKROUSDT": 0.02152,
  "ALGOUSDT": 1.0229,
  "ALICEUSDT": 5.642,
  "ALPHAUSDT": 0.6928,
  "ANKRUSDT": 0.09243,
  "ANTUSDT": 4.7091,
  "ARDRUSDT": 0.19843,
  "ARPAUSDT": 0.04594,
  "ARUSDT": 17.674,
  "ASRUSDT": 5.363,
  "ATAUSDT": 0.92762,
  "ATMUSDT": 10.721,
  "ATOMUSDT": 13.678,
  "AUDIOUSDT": 1.032,
  "AUDUSDT": 0.77103,
  "AUTOUSDT": 1142.26,
  "AVAUSDT": 2.86,
  "AVAXUSDT": 15.054,
  "AXSUSDT": 3.8477,
  "BADGERUSDT": 14.396,
  "BAKEUSDT": 3.2189,
  "BALUSDT": 25.887,
  "BANDUSDT": 7.653,
  "BARUSDT": 16.169,
  "BATUSDT": 0.6854,
  "BCCUSDT": 448.7,
  "BCHABCUSDT": 220.08,
  "BCHDOWNUSDT": 0.863,
  "BCHSVUSDT": 58.9,
  "BCHUPUSDT": 0.535,
  "BCHUSDT": 626.45,
  "BEAMUSDT": 0.6513,
  "BEARUSDT": 11.16,
  "BELUSDT": 1.6841,
  "BKRWUSDT": 0.0008453,
  "BLZUSDT": 0.20839,
  "BNBBEARUSDT": 58.61,
  "BNBBULLUSDT": 57.21,
  "BNBDOWNUSDT": 2.161,
  "BNBUPUSDT": 364.522,
  "BNBUSDT": 370.32,
  "BNTUSDT": 4.233,
  "BTCDOWNUSDT": 0.05796,
  "BTCSTUSDT": 29.866,
  "BTCUPUSDT": 55.29,
  "BTCUSDT": 36650.83,
  "BTGUSDT": 67.377,
  "BTSUSDT": 0.05214,
  "BTTUSDT": 0.0037424,
  "BULLUSDT": 1370.28,
  "BURGERUSDT": 6.13,
  "BUSDUSDT": 0.9994,
  "BZRXUSDT": 0.2864,
  "CAKEUSDT": 18.2,
  "CELOUSDT": 2.9947,
  "CELRUSDT": 0.03832,
  "CFXUSDT": 0.355,
  "CHRUSDT": 0.17967,
  "CHZUSDT": 0.23744,
  "CKBUSDT": 0.019439,
  "COCOSUSDT": 0.4463,
  "COMPUSDT": 356.47,
  "COSUSDT": 0.01632,
  "COTIUSDT": 0.21715,
  "CRVUSDT": 2.488,
  "CTKUSDT": 1.1683,
  "CTSIUSDT": 0.59996,
  "CTXCUSDT": 0.1899,
  "CVCUSDT": 0.29045,
  "DAIUSDT": 1.0189,
  "DASHUSDT": 173.7,
  "DATAUSDT": 0.15323,
  "DCRUSDT": 137.88,
  "DEGOUSDT": 6.594,
  "DENTUSDT": 0.0035917,
  "DGBUSDT": 0.06395,
  "DIAUSDT": 1.74,
  "DNTUSDT": 0.16635,
  "DOCKUSDT": 0.081,
  "DODOUSDT": 1.453,
  "DOGEUSDT": 0.34428,
  "DOTDOWNUSDT": 0.0077,
  "DOTUPUSDT": 12.4,
  "DOTUSDT": 22.871,
  "DREPUSDT": 0.687,
  "DUSKUSDT": 0.1303,
  "EGLDUSDT": 91.08,
  "ENJUSDT": 1.3399,
  "EOSBEARUSDT": 30.21,
  "EOSBULLUSDT": 3.85,
  "EOSDOWNUSDT": 0.00106,
  "EOSUPUSDT": 1.746,
  "EOSUSDT": 5.206,
  "EPSUSDT": 0.723,
  "ERDUSDT": 0.01971,
  "ETCUSDT": 61.162,
  "ETHBEARUSDT": 12.2,
  "ETHBULLUSDT": 79.18,
  "ETHDOWNUSDT": 6.4e-05,
  "ETHUPUSDT": 56.751,
  "ETHUSDT": 2588.6,
  "EURUSDT": 1.2165,
  "FETUSDT": 0.312,
  "FILDOWNUSDT": 0.003214,
  "FILUPUSDT": 4.458,
  "FILUSDT": 76.77,
  "FIOUSDT": 0.2532,
  "FIROUSDT": 7.287,
  "FISUSDT": 1.246,
  "FLMUSDT": 0.542,
  "FORTHUSDT": 17.668,
  "FTMUSDT": 0.29815,
  "FTTUSDT": 33.159,
  "FUNUSDT": 0.024249,
  "GBPUSDT": 1.4095,
  "GRTUSDT": 0.7007,
  "GTOUSDT": 0.07999,
  "GXSUSDT": 0.7896,
  "HARDUSDT": 0.6427,
  "HBARUSDT": 0.21273,
  "HCUSDT": 0.8423,
  "HIVEUSDT": 0.3779,
  "HNTUSDT": 13.729,
  "HOTUSDT": 0.008139,
  "ICPUSDT": 81.41,
  "ICXUSDT": 1.0215,
  "INJUSDT": 9.096,
  "IOSTUSDT": 0.029267,
  "IOTAUSDT": 1.1622,
  "IOTXUSDT": 0.027746,
  "IRISUSDT": 0.08175,
  "JSTUSDT": 0.06793,
  "JUVUSDT": 9.119,
  "KAVAUSDT": 4.0123,
  "KEYUSDT": 0.011722,
  "KMDUSDT": 1.5219,
  "KNCUSDT": 2.037,
  "KSMUSDT": 480.0,
  "LENDUSDT": 0.51431,
  "LINAUSDT": 0.0374,
  "LINKDOWNUSDT": 0.21,
  "LINKUPUSDT": 3.474,
  "LINKUSDT": 25.157,
  "LITUSDT": 3.4059,
  "LPTUSDT": 27.59,
  "LRCUSDT": 0.32783,
  "LSKUSDT": 3.1592,
  "LTCDOWNUSDT": 0.000119,
  "LTCUPUSDT": 5.244,
  "LTCUSDT": 170.46,
  "LTOUSDT": 0.26926,
  "LUNAUSDT": 5.736,
  "MANAUSDT": 0.7227,
  "MASKUSDT": 4.969,
  "MATICUSDT": 1.46646,
  "MBLUSDT": 0.008547,
  "MCOUSDT": 2.744,
  "MDTUSDT": 0.03569,
  "MDXUSDT": 2.1284,
  "MFTUSDT": 0.00998,
  "MIRUSDT": 4.293,
  "MITHUSDT": 0.063,
  "MKRUSDT": 3277.77,
  "MTLUSDT": 2.4772,
  "NANOUSDT": 7.0728,
  "NBSUSDT": 0.01772,
  "NEARUSDT": 3.2555,
  "NEOUSDT": 49.875,
  "NKNUSDT": 0.31377,
  "NMRUSDT": 45.493,
  "NPXSUSDT": 0.0070301,
  "NULSUSDT": 0.5356,
  "NUUSDT": 0.3255,
  "OCEANUSDT": 0.596,
  "OGNUSDT": 0.8342,
  "OGUSDT": 5.19,
  "OMGUSDT": 5.4157,
  "OMUSDT": 0.1667,
  "ONEUSDT": 0.08791,
  "ONGUSDT": 0.936,
  "ONTUSDT": 0.9845,
  "ORNUSDT": 8.124,
  "OXTUSDT": 0.3433,
  "PAXGUSDT": 1899.06,
  "PAXUSDT": 0.9992,
  "PERLUSDT": 0.06945,
  "PERPUSDT": 8.905,
  "PNTUSDT": 1.0829,
  "POLSUSDT": 1.568,
  "PONDUSDT": 0.1002,
  "PSGUSDT": 14.269,
  "PUNDIXUSDT": 1.492,
  "QTUMUSDT": 9.756,
  "RAMPUSDT": 0.2382,
  "REEFUSDT": 0.022604,
  "RENUSDT": 0.48063,
  "REPUSDT": 21.362,
  "RIFUSDT": 0.1839,
  "RLCUSDT": 4.0443,
  "ROSEUSDT": 0.07189,
  "RSRUSDT": 0.03309,
  "RUNEUSDT": 9.848,
  "RVNUSDT": 0.07453,
  "SANDUSDT": 0.28401,
  "SCUSDT": 0.016567,
  "SFPUSDT": 1.0378,
  "SHIBUSDT": 7.2e-06,
  "SKLUSDT": 0.3255,
  "SLPUSDT": 0.1344,
  "SNXUSDT": 10.637,
  "SOLUSDT": 42.101,
  "SRMUSDT": 4.394,
  "STMXUSDT": 0.022834,
  "STORJUSDT": 1.0192,
  "STORMUSDT": 0.003397,
  "STPTUSDT": 0.04517,
  "STRATUSDT": 0.4904,
  "STRAXUSDT": 1.4625,
  "STXUSDT": 0.9215,
  "SUNUSDT": 27.982,
  "SUPERUSDT": 0.615,
  "SUSDUSDT": 1.0031,
  "SUSHIDOWNUSDT": 0.0091137,
  "SUSHIUPUSDT": 0.145,
  "SUSHIUSDT": 10.174,
  "SXPDOWNUSDT": 3.007,
  "SXPUPUSDT": 0.396,
  "SXPUSDT": 1.969,
  "TCTUSDT": 0.033778,
  "TFUELUSDT": 0.58399,
  "THETAUSDT": 9.173,
  "TKOUSDT": 2.1764,
  "TLMUSDT": 0.1521,
  "TOMOUSDT": 1.546,
  "TRBUSDT": 54.714,
  "TROYUSDT": 0.01104,
  "TRUUSDT": 0.2985,
  "TRXDOWNUSDT": 0.000965,
  "TRXUPUSDT": 0.409,
  "TRXUSDT": 0.07409,
  "TUSDUSDT": 0.9992,
  "TWTUSDT": 0.3451,
  "UMAUSDT": 12.99,
  "UNFIUSDT": 8.875,
  "UNIDOWNUSDT": 0.000231,
  "UNIUPUSDT": 8.986,
  "UNIUSDT": 24.496,
  "USDCUSDT": 0.9994,
  "USDSBUSDT": 0.9997,
  "USDSUSDT": 0.9968,
  "UTKUSDT": 0.3086,
  "VENUSDT": 0.0001,
  "VETUSDT": 0.11692,
  "VITEUSDT": 0.10252,
  "VTHOUSDT": 0.008631,
  "WANUSDT": 0.7818,
  "WAVESUSDT": 14.237,
  "WINGUSDT": 21.738,
  "WINUSDT": 0.0004742,
  "WNXMUSDT": 67.641,
  "WRXUSDT": 1.543,
  "WTCUSDT": 0.8391,
  "XEMUSDT": 0.1735,
  "XLMDOWNUSDT": 0.000317,
  "XLMUPUSDT": 0.18,
  "XLMUSDT": 0.35329,
  "XMRUSDT": 269.05,
  "XRPBEARUSDT": 548.55,
  "XRPBULLUSDT": 8.74,
  "XRPDOWNUSDT": 0.016233,
  "XRPUPUSDT": 4.575,
  "XRPUSDT": 0.8836,
  "XTZDOWNUSDT": 0.00181,
  "XTZUPUSDT": 0.067,
  "XTZUSDT": 3.4394,
  "XVGUSDT": 0.03064,
  "XVSUSDT": 26.61,
  "XZCUSDT": 4.446,
  "YFIDOWNUSDT": 2.9038,
  "YFIIUSDT": 1740.44,
  "YFIUPUSDT": 0.823,
  "YFIUSDT": 39630.38,
  "ZECUSDT": 142.84,
  "ZENUSDT": 87.72,
  "ZILUSDT": 0.11343,
  "ZRXUSDT": 0.9457
}